Artist,Date,Title
Lord Siva,2025-01-01,Stjernerne
Mumle,2025-01-01,Det Modsatte
Malte Ebert,2025-01-01,Fortæl Mig Hvis Du Vil Noget Andet
Suspekt ft. URO,2025-01-01,Tænker Ik På Andre
Blæst,2025-01-01,Elsker Dig Så Meget
Malte Ebert,2025-01-01,Er Det Mig Du Elsker?
Mumle,2025-01-01,Fra Jylland til København
Dermot Kennedy,2025-01-01,Outnumbered
Benson Boone,2025-01-01,Sorry I'm Here For Someone Else
Omar ft. Mumle,2025-01-02,Hele Vejen
Lord Siva,2025-01-02,Stjernerne
Mumle,2025-01-02,Det Modsatte
Malte Ebert,2025-01-02,Fortæl Mig Hvis Du Vil Noget Andet
Suspekt ft. URO,2025-01-02,Tænker Ik På Andre
Blæst,2025-01-02,Elsker Dig Så Meget
Malte Ebert,2025-01-02,Er Det Mig Du Elsker?
Mumle,2025-01-02,Fra Jylland til København
Dermot Kennedy,2025-01-02,Outnumbered
Benson Boone,2025-01-02,Sorry I'm Here For Someone Else
Omar ft. Mumle,2025-01-03,Hele Vejen
Lord Siva,2025-01-03,Stjernerne
Mumle,2025-01-03,Det Modsatte
Malte Ebert,2025-01-03,Fortæl Mig Hvis Du Vil Noget Andet
Suspekt ft. URO,2025-01-03,Tænker Ik På Andre
Blæst,2025-01-03,Elsker Dig Så Meget
Blæst,2025-01-03,Vi Ku' Gå Hele Vejen
Malte Ebert,2025-01-03,Er Det Mig Du Elsker?
Mumle,2025-01-03,Fra Jylland til København
Dermot Kennedy,2025-01-03,Outnumbered
Benson Boone,2025-01-03,Sorry I'm Here For Someone Else
Lord Siva,2025-01-04,Stjernerne
Mumle,2025-01-04,Det Modsatte
Malte Ebert,2025-01-04,Fortæl Mig Hvis Du Vil Noget Andet
Suspekt ft. URO,2025-01-04,Tænker Ik På Andre
Blæst,2025-01-04,Elsker Dig Så Meget
Malte Ebert,2025-01-04,Er Det Mig Du Elsker?
Mumle,2025-01-04,Fra Jylland til København
Benson Boone,2025-01-04,Sorry I'm Here For Someone Else
Omar ft. Mumle,2025-01-04,Hele Vejen
Lord Siva,2025-01-05,Stjernerne
Mumle,2025-01-05,Det Modsatte
Malte Ebert,2025-01-05,Fortæl Mig Hvis Du Vil Noget Andet
Suspekt ft. URO,2025-01-05,Tænker Ik På Andre
Blæst,2025-01-05,Elsker Dig Så Meget
Malte Ebert,2025-01-05,Er Det Mig Du Elsker?
Mumle,2025-01-05,Fra Jylland til København
Dermot Kennedy,2025-01-05,Outnumbered
Benson Boone,2025-01-05,Sorry I'm Here For Someone Else
Omar ft. Mumle,2025-01-05,Hele Vejen
Lord Siva,2025-01-06,Stjernerne
Mumle,2025-01-06,Det Modsatte
Malte Ebert,2025-01-06,Fortæl Mig Hvis Du Vil Noget Andet
Suspekt ft. URO,2025-01-06,Tænker Ik På Andre
Blæst,2025-01-06,Elsker Dig Så Meget
Malte Ebert,2025-01-06,Er Det Mig Du Elsker?
Mumle,2025-01-06,Fra Jylland til København
Benson Boone,2025-01-06,Sorry I'm Here For Someone Else
Omar ft. Mumle,2025-01-07,Hele Vejen
Lord Siva,2025-01-07,Stjernerne
Mumle,2025-01-07,Det Modsatte
Malte Ebert,2025-01-07,Fortæl Mig Hvis Du Vil Noget Andet
Suspekt ft. URO,2025-01-07,Tænker Ik På Andre
Blæst,2025-01-07,Elsker Dig Så Meget
Malte Ebert,2025-01-07,Er Det Mig Du Elsker?
Mumle,2025-01-07,Fra Jylland til København
Benson Boone,2025-01-07,Sorry I'm Here For Someone Else
Omar ft. Mumle,2025-01-08,Hele Vejen
Lord Siva,2025-01-08,Stjernerne
Mumle,2025-01-08,Det Modsatte
Post Malone ft. Morgan Wallen,2025-01-08,I Had Some Help
Malte Ebert,2025-01-08,Fortæl Mig Hvis Du Vil Noget Andet
Suspekt ft. URO,2025-01-08,Tænker Ik På Andre
Blæst,2025-01-08,Elsker Dig Så Meget
Malte Ebert,2025-01-08,Er Det Mig Du Elsker?
Mumle,2025-01-08,Fra Jylland til København
Benson Boone,2025-01-08,Sorry I'm Here For Someone Else
Omar ft. Mumle,2025-01-09,Hele Vejen
Lord Siva,2025-01-09,Stjernerne
Mumle,2025-01-09,Det Modsatte
Malte Ebert,2025-01-09,Fortæl Mig Hvis Du Vil Noget Andet
Suspekt ft. URO,2025-01-09,Tænker Ik På Andre
Blæst,2025-01-09,Elsker Dig Så Meget
Malte Ebert,2025-01-09,Er Det Mig Du Elsker?
Mumle,2025-01-09,Fra Jylland til København
Omar ft. Mumle,2025-01-10,Hele Vejen
Lord Siva,2025-01-10,Stjernerne
Mumle,2025-01-10,Det Modsatte
Malte Ebert,2025-01-10,Fortæl Mig Hvis Du Vil Noget Andet
Suspekt ft. URO,2025-01-10,Tænker Ik På Andre
Blæst,2025-01-10,Elsker Dig Så Meget
Malte Ebert,2025-01-10,Er Det Mig Du Elsker?
Mumle,2025-01-10,Fra Jylland til København
Benson Boone,2025-01-10,Sorry I'm Here For Someone Else
Lord Siva,2025-01-11,Stjernerne
Mumle,2025-01-11,Det Modsatte
Malte Ebert,2025-01-11,Fortæl Mig Hvis Du Vil Noget Andet
Suspekt ft. URO,2025-01-11,Tænker Ik På Andre
Blæst,2025-01-11,Elsker Dig Så Meget
Malte Ebert,2025-01-11,Er Det Mig Du Elsker?
Mumle,2025-01-11,Fra Jylland til København
Dermot Kennedy,2025-01-11,Outnumbered
Benson Boone,2025-01-11,Sorry I'm Here For Someone Else
Post Malone ft. Morgan Wallen,2025-01-11,I Had Some Help
Omar ft. Mumle,2025-01-11,Hele Vejen
Omar ft. Mumle,2025-01-12,Hele Vejen
Lord Siva,2025-01-12,Stjernerne
Mumle,2025-01-12,Det Modsatte
Malte Ebert,2025-01-12,Fortæl Mig Hvis Du Vil Noget Andet
Suspekt ft. URO,2025-01-12,Tænker Ik På Andre
Blæst,2025-01-12,Elsker Dig Så Meget
Malte Ebert,2025-01-12,Er Det Mig Du Elsker?
Mumle,2025-01-12,Fra Jylland til København
Benson Boone,2025-01-12,Sorry I'm Here For Someone Else
Omar ft. Mumle,2025-01-13,Hele Vejen
Lord Siva,2025-01-13,Stjernerne
Mumle,2025-01-13,Det Modsatte
Malte Ebert,2025-01-13,Fortæl Mig Hvis Du Vil Noget Andet
Suspekt ft. URO,2025-01-13,Tænker Ik På Andre
Blæst,2025-01-13,Elsker Dig Så Meget
Malte Ebert,2025-01-13,Er Det Mig Du Elsker?
Mumle,2025-01-13,Fra Jylland til København
Dermot Kennedy,2025-01-13,Outnumbered
Benson Boone,2025-01-13,Sorry I'm Here For Someone Else
Omar ft. Mumle,2025-01-14,Hele Vejen
Lord Siva,2025-01-14,Stjernerne
Mumle,2025-01-14,Det Modsatte
Malte Ebert,2025-01-14,Fortæl Mig Hvis Du Vil Noget Andet
Suspekt ft. URO,2025-01-14,Tænker Ik På Andre
Blæst,2025-01-14,Elsker Dig Så Meget
Malte Ebert,2025-01-14,Er Det Mig Du Elsker?
Mumle,2025-01-14,Fra Jylland til København
Dermot Kennedy,2025-01-14,Outnumbered
Benson Boone,2025-01-14,Sorry I'm Here For Someone Else
Lord Siva,2025-01-15,Stjernerne
Mumle,2025-01-15,Det Modsatte
Malte Ebert,2025-01-15,Fortæl Mig Hvis Du Vil Noget Andet
Suspekt ft. URO,2025-01-15,Tænker Ik På Andre
Blæst,2025-01-15,Elsker Dig Så Meget
Malte Ebert,2025-01-15,Er Det Mig Du Elsker?
Mumle,2025-01-15,Fra Jylland til København
Dermot Kennedy,2025-01-15,Outnumbered
Omar ft. Mumle,2025-01-15,Hele Vejen
Benson Boone,2025-01-15,Sorry I'm Here For Someone Else
Lord Siva,2025-01-16,Stjernerne
Mumle,2025-01-16,Det Modsatte
Malte Ebert,2025-01-16,Fortæl Mig Hvis Du Vil Noget Andet
Suspekt ft. URO,2025-01-16,Tænker Ik På Andre
Blæst,2025-01-16,Elsker Dig Så Meget
Blæst,2025-01-16,Vi Ku' Gå Hele Vejen
Malte Ebert,2025-01-16,Er Det Mig Du Elsker?
Mumle,2025-01-16,Fra Jylland til København
Omar ft. Mumle,2025-01-16,Hele Vejen
Benson Boone,2025-01-16,Sorry I'm Here For Someone Else
Omar ft. Mumle,2025-01-17,Hele Vejen
Lord Siva,2025-01-17,Stjernerne
Mumle,2025-01-17,Det Modsatte
Malte Ebert,2025-01-17,Fortæl Mig Hvis Du Vil Noget Andet
Suspekt ft. URO,2025-01-17,Tænker Ik På Andre
Blæst,2025-01-17,Elsker Dig Så Meget
Malte Ebert,2025-01-17,Er Det Mig Du Elsker?
Mumle,2025-01-17,Fra Jylland til København
Lord Siva,2025-01-18,Stjernerne
Mumle,2025-01-18,Det Modsatte
Malte Ebert,2025-01-18,Fortæl Mig Hvis Du Vil Noget Andet
Suspekt ft. URO,2025-01-18,Tænker Ik På Andre
Blæst,2025-01-18,Elsker Dig Så Meget
Malte Ebert,2025-01-18,Er Det Mig Du Elsker?
Mumle,2025-01-18,Fra Jylland til København
Dermot Kennedy,2025-01-18,Outnumbered
Benson Boone,2025-01-18,Sorry I'm Here For Someone Else
Omar ft. Mumle,2025-01-18,Hele Vejen
Omar ft. Mumle,2025-01-19,Hele Vejen
Lord Siva,2025-01-19,Stjernerne
Mumle,2025-01-19,Det Modsatte
Malte Ebert,2025-01-19,Fortæl Mig Hvis Du Vil Noget Andet
Suspekt ft. URO,2025-01-19,Tænker Ik På Andre
Blæst,2025-01-19,Elsker Dig Så Meget
Blæst,2025-01-19,Vi Ku' Gå Hele Vejen
Malte Ebert,2025-01-19,Er Det Mig Du Elsker?
Mumle,2025-01-19,Fra Jylland til København
Dermot Kennedy,2025-01-19,Outnumbered
Benson Boone,2025-01-19,Sorry I'm Here For Someone Else
Omar ft. Mumle,2025-01-20,Hele Vejen
Lord Siva,2025-01-20,Stjernerne
Mumle,2025-01-20,Det Modsatte
Malte Ebert,2025-01-20,Fortæl Mig Hvis Du Vil Noget Andet
Suspekt ft. URO,2025-01-20,Tænker Ik På Andre
Blæst,2025-01-20,Elsker Dig Så Meget
Malte Ebert,2025-01-20,Er Det Mig Du Elsker?
Mumle,2025-01-20,Fra Jylland til København
Benson Boone,2025-01-20,Sorry I'm Here For Someone Else
Post Malone ft. Morgan Wallen,2025-01-20,I Had Some Help
Lord Siva,2025-01-21,Stjernerne
Mumle,2025-01-21,Det Modsatte
Malte Ebert,2025-01-21,Fortæl Mig Hvis Du Vil Noget Andet
Suspekt ft. URO,2025-01-21,Tænker Ik På Andre
Blæst,2025-01-21,Elsker Dig Så Meget
Malte Ebert,2025-01-21,Er Det Mig Du Elsker?
Mumle,2025-01-21,Fra Jylland til København
Dermot Kennedy,2025-01-21,Outnumbered
Omar ft. Mumle,2025-01-21,Hele Vejen
Lord Siva,2025-01-22,Stjernerne
Mumle,2025-01-22,Det Modsatte
Malte Ebert,2025-01-22,Fortæl Mig Hvis Du Vil Noget Andet
Suspekt ft. URO,2025-01-22,Tænker Ik På Andre
Blæst,2025-01-22,Elsker Dig Så Meget
Malte Ebert,2025-01-22,Er Det Mig Du Elsker?
Mumle,2025-01-22,Fra Jylland til København
Dermot Kennedy,2025-01-22,Outnumbered
Benson Boone,2025-01-22,Sorry I'm Here For Someone Else
Omar ft. Mumle,2025-01-23,Hele Vejen
Lord Siva,2025-01-23,Stjernerne
Mumle,2025-01-23,Det Modsatte
Malte Ebert,2025-01-23,Fortæl Mig Hvis Du Vil Noget Andet
Suspekt ft. URO,2025-01-23,Tænker Ik På Andre
Blæst,2025-01-23,Elsker Dig Så Meget
Malte Ebert,2025-01-23,Er Det Mig Du Elsker?
Mumle,2025-01-23,Fra Jylland til København
Benson Boone,2025-01-23,Sorry I'm Here For Someone Else
Lord Siva,2025-01-24,Stjernerne
Mumle,2025-01-24,Det Modsatte
Malte Ebert,2025-01-24,Fortæl Mig Hvis Du Vil Noget Andet
Suspekt ft. URO,2025-01-24,Tænker Ik På Andre
Blæst,2025-01-24,Elsker Dig Så Meget
Malte Ebert,2025-01-24,Er Det Mig Du Elsker?
Mumle,2025-01-24,Fra Jylland til København
Omar ft. Mumle,2025-01-24,Hele Vejen
Benson Boone,2025-01-24,Sorry I'm Here For Someone Else
Lord Siva,2025-01-25,Stjernerne
Mumle,2025-01-25,Det Modsatte
Malte Ebert,2025-01-25,Fortæl Mig Hvis Du Vil Noget Andet
Suspekt ft. URO,2025-01-25,Tænker Ik På Andre
Blæst,2025-01-25,Elsker Dig Så Meget
Malte Ebert,2025-01-25,Er Det Mig Du Elsker?
Mumle,2025-01-25,Fra Jylland til København
Dermot Kennedy,2025-01-25,Outnumbered
Lord Siva,2025-01-26,Stjernerne
Mumle,2025-01-26,Det Modsatte
Malte Ebert,2025-01-26,Fortæl Mig Hvis Du Vil Noget Andet
Suspekt ft. URO,2025-01-26,Tænker Ik På Andre
Blæst,2025-01-26,Elsker Dig Så Meget
Malte Ebert,2025-01-26,Er Det Mig Du Elsker?
Mumle,2025-01-26,Fra Jylland til København
Dermot Kennedy,2025-01-26,Outnumbered
Benson Boone,2025-01-26,Sorry I'm Here For Someone Else
Lord Siva,2025-01-27,Stjernerne
Mumle,2025-01-27,Det Modsatte
Malte Ebert,2025-01-27,Fortæl Mig Hvis Du Vil Noget Andet
Suspekt ft. URO,2025-01-27,Tænker Ik På Andre
Blæst,2025-01-27,Elsker Dig Så Meget
Malte Ebert,2025-01-27,Er Det Mig Du Elsker?
Mumle,2025-01-27,Fra Jylland til København
Benson Boone,2025-01-27,Sorry I'm Here For Someone Else
Omar ft. Mumle,2025-01-27,Hele Vejen
Lord Siva,2025-01-28,Stjernerne
Mumle,2025-01-28,Det Modsatte
Malte Ebert,2025-01-28,Fortæl Mig Hvis Du Vil Noget Andet
Suspekt ft. URO,2025-01-28,Tænker Ik På Andre
Blæst,2025-01-28,Elsker Dig Så Meget
Malte Ebert,2025-01-28,Er Det Mig Du Elsker?
Mumle,2025-01-28,Fra Jylland til København
Omar ft. Mumle,2025-01-28,Hele Vejen
Benson Boone,2025-01-28,Sorry I'm Here For Someone Else
Omar ft. Mumle,2025-01-29,Hele Vejen
Lord Siva,2025-01-29,Stjernerne
Mumle,2025-01-29,Det Modsatte
Malte Ebert,2025-01-29,Fortæl Mig Hvis Du Vil Noget Andet
Suspekt ft. URO,2025-01-29,Tænker Ik På Andre
Blæst,2025-01-29,Elsker Dig Så Meget
Malte Ebert,2025-01-29,Er Det Mig Du Elsker?
Mumle,2025-01-29,Fra Jylland til København
Benson Boone,2025-01-29,Sorry I'm Here For Someone Else
Lord Siva,2025-01-30,Stjernerne
Mumle,2025-01-30,Det Modsatte
Malte Ebert,2025-01-30,Fortæl Mig Hvis Du Vil Noget Andet
Suspekt ft. URO,2025-01-30,Tænker Ik På Andre
Blæst,2025-01-30,Elsker Dig Så Meget
Malte Ebert,2025-01-30,Er Det Mig Du Elsker?
Mumle,2025-01-30,Fra Jylland til København
Dermot Kennedy,2025-01-30,Outnumbered
Omar ft. Mumle,2025-01-30,Hele Vejen
Benson Boone,2025-01-30,Sorry I'm Here For Someone Else
Lord Siva,2025-01-31,Stjernerne
Mumle,2025-01-31,Det Modsatte
Malte Ebert,2025-01-31,Fortæl Mig Hvis Du Vil Noget Andet
Suspekt ft. URO,2025-01-31,Tænker Ik På Andre
Blæst,2025-01-31,Elsker Dig Så Meget
Malte Ebert,2025-01-31,Er Det Mig Du Elsker?
Mumle,2025-01-31,Fra Jylland til København
Dermot Kennedy,2025-01-31,Outnumbered
Benson Boone,2025-01-31,Sorry I'm Here For Someone Else
Omar ft. Mumle,2025-02-01,Hele Vejen
Lord Siva,2025-02-01,Stjernerne
Mumle,2025-02-01,Det Modsatte
Malte Ebert,2025-02-01,Fortæl Mig Hvis Du Vil Noget Andet
Suspekt ft. URO,2025-02-01,Tænker Ik På Andre
Blæst,2025-02-01,Elsker Dig Så Meget
Malte Ebert,2025-02-01,Er Det Mig Du Elsker?
Mumle,2025-02-01,Fra Jylland til København
Dermot Kennedy,2025-02-01,Outnumbered
Benson Boone,2025-02-01,Sorry I'm Here For Someone Else
Lord Siva,2025-02-02,Stjernerne
Mumle,2025-02-02,Det Modsatte
Malte Ebert,2025-02-02,Fortæl Mig Hvis Du Vil Noget Andet
Suspekt ft. URO,2025-02-02,Tænker Ik På Andre
Blæst,2025-02-02,Elsker Dig Så Meget
Mumle,2025-02-02,Fra Jylland til København
Dermot Kennedy,2025-02-02,Outnumbered
Benson Boone,2025-02-02,Sorry I'm Here For Someone Else
Malte Ebert,2025-02-02,Er Det Mig Du Elsker?
Omar ft. Mumle,2025-02-02,Hele Vejen
Lord Siva,2025-02-03,Stjernerne
Mumle,2025-02-03,Det Modsatte
Malte Ebert,2025-02-03,Fortæl Mig Hvis Du Vil Noget Andet
Suspekt ft. URO,2025-02-03,Tænker Ik På Andre
Blæst,2025-02-03,Elsker Dig Så Meget
Malte Ebert,2025-02-03,Er Det Mig Du Elsker?
Mumle,2025-02-03,Fra Jylland til København
Dermot Kennedy,2025-02-03,Outnumbered
Benson Boone,2025-02-03,Sorry I'm Here For Someone Else
Post Malone ft. Morgan Wallen,2025-02-03,I Had Some Help
Lord Siva,2025-02-04,Stjernerne
Mumle,2025-02-04,Det Modsatte
Malte Ebert,2025-02-04,Fortæl Mig Hvis Du Vil Noget Andet
Suspekt ft. URO,2025-02-04,Tænker Ik På Andre
Blæst,2025-02-04,Elsker Dig Så Meget
Malte Ebert,2025-02-04,Er Det Mig Du Elsker?
Mumle,2025-02-04,Fra Jylland til København
Benson Boone,2025-02-04,Sorry I'm Here For Someone Else
Omar ft. Mumle,2025-02-05,Hele Vejen
Lord Siva,2025-02-05,Stjernerne
Mumle,2025-02-05,Det Modsatte
Malte Ebert,2025-02-05,Fortæl Mig Hvis Du Vil Noget Andet
Suspekt ft. URO,2025-02-05,Tænker Ik På Andre
Blæst,2025-02-05,Elsker Dig Så Meget
Malte Ebert,2025-02-05,Er Det Mig Du Elsker?
Mumle,2025-02-05,Fra Jylland til København
Benson Boone,2025-02-05,Sorry I'm Here For Someone Else
Lord Siva,2025-02-06,Stjernerne
Mumle,2025-02-06,Det Modsatte
Malte Ebert,2025-02-06,Fortæl Mig Hvis Du Vil Noget Andet
Suspekt ft. URO,2025-02-06,Tænker Ik På Andre
Blæst,2025-02-06,Elsker Dig Så Meget
Malte Ebert,2025-02-06,Er Det Mig Du Elsker?
Mumle,2025-02-06,Fra Jylland til København
Dermot Kennedy,2025-02-06,Outnumbered
Benson Boone,2025-02-06,Sorry I'm Here For Someone Else
Omar ft. Mumle,2025-02-06,Hele Vejen
Lord Siva,2025-02-07,Stjernerne
Mumle,2025-02-07,Det Modsatte
Malte Ebert,2025-02-07,Fortæl Mig Hvis Du Vil Noget Andet
Suspekt ft. URO,2025-02-07,Tænker Ik På Andre
Blæst,2025-02-07,Elsker Dig Så Meget
Malte Ebert,2025-02-07,Er Det Mig Du Elsker?
Mumle,2025-02-07,Fra Jylland til København
Dermot Kennedy,2025-02-07,Outnumbered
Benson Boone,2025-02-07,Sorry I'm Here For Someone Else
Omar ft. Mumle,2025-02-08,Hele Vejen
Lord Siva,2025-02-08,Stjernerne
Mumle,2025-02-08,Det Modsatte
Malte Ebert,2025-02-08,Fortæl Mig Hvis Du Vil Noget Andet
Suspekt ft. URO,2025-02-08,Tænker Ik På Andre
Blæst,2025-02-08,Elsker Dig Så Meget
Malte Ebert,2025-02-08,Er Det Mig Du Elsker?
Mumle,2025-02-08,Fra Jylland til København
Benson Boone,2025-02-08,Sorry I'm Here For Someone Else
Blæst,2025-02-08,Vi Ku' Gå Hele Vejen
Lord Siva,2025-02-09,Stjernerne
Mumle,2025-02-09,Det Modsatte
Malte Ebert,2025-02-09,Fortæl Mig Hvis Du Vil Noget Andet
Suspekt ft. URO,2025-02-09,Tænker Ik På Andre
Blæst,2025-02-09,Elsker Dig Så Meget
Malte Ebert,2025-02-09,Er Det Mig Du Elsker?
Mumle,2025-02-09,Fra Jylland til København
Benson Boone,2025-02-09,Sorry I'm Here For Someone Else
Post Malone ft. Morgan Wallen,2025-02-09,I Had Some Help
Blæst,2025-02-09,Vi Ku' Gå Hele Vejen
Lord Siva,2025-02-10,Stjernerne
Mumle,2025-02-10,Det Modsatte
Malte Ebert,2025-02-10,Fortæl Mig Hvis Du Vil Noget Andet
Suspekt ft. URO,2025-02-10,Tænker Ik På Andre
Blæst,2025-02-10,Elsker Dig Så Meget
Malte Ebert,2025-02-10,Er Det Mig Du Elsker?
Mumle,2025-02-10,Fra Jylland til København
Omar ft. Mumle,2025-02-10,Hele Vejen
Benson Boone,2025-02-10,Sorry I'm Here For Someone Else
Lord Siva,2025-02-11,Stjernerne
Mumle,2025-02-11,Det Modsatte
Malte Ebert,2025-02-11,Fortæl Mig Hvis Du Vil Noget Andet
Suspekt ft. URO,2025-02-11,Tænker Ik På Andre
Blæst,2025-02-11,Elsker Dig Så Meget
Malte Ebert,2025-02-11,Er Det Mig Du Elsker?
Mumle,2025-02-11,Fra Jylland til København
Dermot Kennedy,2025-02-11,Outnumbered
Benson Boone,2025-02-11,Sorry I'm Here For Someone Else
Omar ft. Mumle,2025-02-11,Hele Vejen
Omar ft. Mumle,2025-02-12,Hele Vejen
Lord Siva,2025-02-12,Stjernerne
Mumle,2025-02-12,Det Modsatte
Malte Ebert,2025-02-12,Fortæl Mig Hvis Du Vil Noget Andet
Suspekt ft. URO,2025-02-12,Tænker Ik På Andre
Blæst,2025-02-12,Elsker Dig Så Meget
Mumle,2025-02-12,Fra Jylland til København
Dermot Kennedy,2025-02-12,Outnumbered
Benson Boone,2025-02-12,Sorry I'm Here For Someone Else
Malte Ebert,2025-02-12,Er Det Mig Du Elsker?
Omar ft. Mumle,2025-02-13,Hele Vejen
Lord Siva,2025-02-13,Stjernerne
Mumle,2025-02-13,Det Modsatte
Malte Ebert,2025-02-13,Fortæl Mig Hvis Du Vil Noget Andet
Suspekt ft. URO,2025-02-13,Tænker Ik På Andre
Blæst,2025-02-13,Elsker Dig Så Meget
Malte Ebert,2025-02-13,Er Det Mig Du Elsker?
Mumle,2025-02-13,Fra Jylland til København
Benson Boone,2025-02-13,Sorry I'm Here For Someone Else
Post Malone ft. Morgan Wallen,2025-02-13,I Had Some Help
Omar ft. Mumle,2025-02-14,Hele Vejen
Lord Siva,2025-02-14,Stjernerne
Mumle,2025-02-14,Det Modsatte
Post Malone ft. Morgan Wallen,2025-02-14,I Had Some Help
Malte Ebert,2025-02-14,Fortæl Mig Hvis Du Vil Noget Andet
Suspekt ft. URO,2025-02-14,Tænker Ik På Andre
Blæst,2025-02-14,Elsker Dig Så Meget
Malte Ebert,2025-02-14,Er Det Mig Du Elsker?
Mumle,2025-02-14,Fra Jylland til København
Benson Boone,2025-02-14,Sorry I'm Here For Someone Else
Omar ft. Mumle,2025-02-15,Hele Vejen
Lord Siva,2025-02-15,Stjernerne
Mumle,2025-02-15,Det Modsatte
Malte Ebert,2025-02-15,Fortæl Mig Hvis Du Vil Noget Andet
Suspekt ft. URO,2025-02-15,Tænker Ik På Andre
Blæst,2025-02-15,Elsker Dig Så Meget
Malte Ebert,2025-02-15,Er Det Mig Du Elsker?
Mumle,2025-02-15,Fra Jylland til København
Benson Boone,2025-02-15,Sorry I'm Here For Someone Else
Lord Siva,2025-02-16,Stjernerne
Mumle,2025-02-16,Det Modsatte
Malte Ebert,2025-02-16,Fortæl Mig Hvis Du Vil Noget Andet
Suspekt ft. URO,2025-02-16,Tænker Ik På Andre
Blæst,2025-02-16,Elsker Dig Så Meget
Malte Ebert,2025-02-16,Er Det Mig Du Elsker?
Mumle,2025-02-16,Fra Jylland til København
Dermot Kennedy,2025-02-16,Outnumbered
Benson Boone,2025-02-16,Sorry I'm Here For Someone Else
Omar ft. Mumle,2025-02-17,Hele Vejen
Lord Siva,2025-02-17,Stjernerne
Mumle,2025-02-17,Det Modsatte
Post Malone ft. Morgan Wallen,2025-02-17,I Had Some Help
Malte Ebert,2025-02-17,Fortæl Mig Hvis Du Vil Noget Andet
Suspekt ft. URO,2025-02-17,Tænker Ik På Andre
Blæst,2025-02-17,Elsker Dig Så Meget
Malte Ebert,2025-02-17,Er Det Mig Du Elsker?
Mumle,2025-02-17,Fra Jylland til København
Dermot Kennedy,2025-02-17,Outnumbered
Benson Boone,2025-02-17,Sorry I'm Here For Someone Else
Lord Siva,2025-02-18,Stjernerne
Mumle,2025-02-18,Det Modsatte
Malte Ebert,2025-02-18,Fortæl Mig Hvis Du Vil Noget Andet
Suspekt ft. URO,2025-02-18,Tænker Ik På Andre
Blæst,2025-02-18,Elsker Dig Så Meget
Malte Ebert,2025-02-18,Er Det Mig Du Elsker?
Mumle,2025-02-18,Fra Jylland til København
Benson Boone,2025-02-18,Sorry I'm Here For Someone Else
Omar ft. Mumle,2025-02-18,Hele Vejen
Lord Siva,2025-02-19,Stjernerne
Mumle,2025-02-19,Det Modsatte
Malte Ebert,2025-02-19,Fortæl Mig Hvis Du Vil Noget Andet
Suspekt ft. URO,2025-02-19,Tænker Ik På Andre
Blæst,2025-02-19,Elsker Dig Så Meget
Malte Ebert,2025-02-19,Er Det Mig Du Elsker?
Mumle,2025-02-19,Fra Jylland til København
Omar ft. Mumle,2025-02-19,Hele Vejen
Benson Boone,2025-02-19,Sorry I'm Here For Someone Else
Lord Siva,2025-02-20,Stjernerne
Mumle,2025-02-20,Det Modsatte
Malte Ebert,2025-02-20,Fortæl Mig Hvis Du Vil Noget Andet
Suspekt ft. URO,2025-02-20,Tænker Ik På Andre
Blæst,2025-02-20,Elsker Dig Så Meget
Malte Ebert,2025-02-20,Er Det Mig Du Elsker?
Mumle,2025-02-20,Fra Jylland til København
Benson Boone,2025-02-20,Sorry I'm Here For Someone Else
Lord Siva,2025-02-21,Stjernerne
Mumle,2025-02-21,Det Modsatte
Malte Ebert,2025-02-21,Fortæl Mig Hvis Du Vil Noget Andet
Suspekt ft. URO,2025-02-21,Tænker Ik På Andre
Blæst,2025-02-21,Elsker Dig Så Meget
Malte Ebert,2025-02-21,Er Det Mig Du Elsker?
Mumle,2025-02-21,Fra Jylland til København
Dermot Kennedy,2025-02-21,Outnumbered
Omar ft. Mumle,2025-02-21,Hele Vejen
Benson Boone,2025-02-21,Sorry I'm Here For Someone Else
Omar ft. Mumle,2025-02-22,Hele Vejen
Lord Siva,2025-02-22,Stjernerne
Mumle,2025-02-22,Det Modsatte
Malte Ebert,2025-02-22,Fortæl Mig Hvis Du Vil Noget Andet
Suspekt ft. URO,2025-02-22,Tænker Ik På Andre
Blæst,2025-02-22,Elsker Dig Så Meget
Malte Ebert,2025-02-22,Er Det Mig Du Elsker?
Mumle,2025-02-22,Fra Jylland til København
Dermot Kennedy,2025-02-22,Outnumbered
Benson Boone,2025-02-22,Sorry I'm Here For Someone Else
Omar ft. Mumle,2025-02-23,Hele Vejen
Lord Siva,2025-02-23,Stjernerne
Mumle,2025-02-23,Det Modsatte
Malte Ebert,2025-02-23,Fortæl Mig Hvis Du Vil Noget Andet
Suspekt ft. URO,2025-02-23,Tænker Ik På Andre
Blæst,2025-02-23,Elsker Dig Så Meget
Malte Ebert,2025-02-23,Er Det Mig Du Elsker?
Mumle,2025-02-23,Fra Jylland til København
Dermot Kennedy,2025-02-23,Outnumbered
Benson Boone,2025-02-23,Sorry I'm Here For Someone Else
Lord Siva,2025-02-24,Stjernerne
Mumle,2025-02-24,Det Modsatte
Malte Ebert,2025-02-24,Fortæl Mig Hvis Du Vil Noget Andet
Suspekt ft. URO,2025-02-24,Tænker Ik På Andre
Blæst,2025-02-24,Elsker Dig Så Meget
Malte Ebert,2025-02-24,Er Det Mig Du Elsker?
Mumle,2025-02-24,Fra Jylland til København
Dermot Kennedy,2025-02-24,Outnumbered
Benson Boone,2025-02-24,Sorry I'm Here For Someone Else
Lord Siva,2025-02-25,Stjernerne
Mumle,2025-02-25,Det Modsatte
Malte Ebert,2025-02-25,Fortæl Mig Hvis Du Vil Noget Andet
Suspekt ft. URO,2025-02-25,Tænker Ik På Andre
Blæst,2025-02-25,Elsker Dig Så Meget
Malte Ebert,2025-02-25,Er Det Mig Du Elsker?
Mumle,2025-02-25,Fra Jylland til København
Omar ft. Mumle,2025-02-25,Hele Vejen
Omar ft. Mumle,2025-02-26,Hele Vejen
Lord Siva,2025-02-26,Stjernerne
Mumle,2025-02-26,Det Modsatte
Malte Ebert,2025-02-26,Fortæl Mig Hvis Du Vil Noget Andet
Suspekt ft. URO,2025-02-26,Tænker Ik På Andre
Blæst,2025-02-26,Elsker Dig Så Meget
Malte Ebert,2025-02-26,Er Det Mig Du Elsker?
Mumle,2025-02-26,Fra Jylland til København
Dermot Kennedy,2025-02-26,Outnumbered
Benson Boone,2025-02-26,Sorry I'm Here For Someone Else
Lord Siva,2025-02-27,Stjernerne
Mumle,2025-02-27,Det Modsatte
Malte Ebert,2025-02-27,Fortæl Mig Hvis Du Vil Noget Andet
Suspekt ft. URO,2025-02-27,Tænker Ik På Andre
Blæst,2025-02-27,Elsker Dig Så Meget
Malte Ebert,2025-02-27,Er Det Mig Du Elsker?
Mumle,2025-02-27,Fra Jylland til København
Dermot Kennedy,2025-02-27,Outnumbered
Benson Boone,2025-02-27,Sorry I'm Here For Someone Else
Post Malone ft. Morgan Wallen,2025-02-27,I Had Some Help
Omar ft. Mumle,2025-02-28,Hele Vejen
Lord Siva,2025-02-28,Stjernerne
Mumle,2025-02-28,Det Modsatte
Malte Ebert,2025-02-28,Fortæl Mig Hvis Du Vil Noget Andet
Suspekt ft. URO,2025-02-28,Tænker Ik På Andre
Blæst,2025-02-28,Elsker Dig Så Meget
Malte Ebert,2025-02-28,Er Det Mig Du Elsker?
Mumle,2025-02-28,Fra Jylland til København
Benson Boone,2025-02-28,Sorry I'm Here For Someone Else
Lord Siva,2025-03-01,Stjernerne
Mumle,2025-03-01,Det Modsatte
Malte Ebert,2025-03-01,Fortæl Mig Hvis Du Vil Noget Andet
Suspekt ft. URO,2025-03-01,Tænker Ik På Andre
Blæst,2025-03-01,Elsker Dig Så Meget
Malte Ebert,2025-03-01,Er Det Mig Du Elsker?
Mumle,2025-03-01,Fra Jylland til København
Dermot Kennedy,2025-03-01,Outnumbered
Benson Boone,2025-03-01,Sorry I'm Here For Someone Else
Omar ft. Mumle,2025-03-02,Hele Vejen
Lord Siva,2025-03-02,Stjernerne
Mumle,2025-03-02,Det Modsatte
Post Malone ft. Morgan Wallen,2025-03-02,I Had Some Help
Malte Ebert,2025-03-02,Fortæl Mig Hvis Du Vil Noget Andet
Suspekt ft. URO,2025-03-02,Tænker Ik På Andre
Blæst,2025-03-02,Elsker Dig Så Meget
Malte Ebert,2025-03-02,Er Det Mig Du Elsker?
Mumle,2025-03-02,Fra Jylland til København
Benson Boone,2025-03-02,Sorry I'm Here For Someone Else
Omar ft. Mumle,2025-03-03,Hele Vejen
Lord Siva,2025-03-03,Stjernerne
Mumle,2025-03-03,Det Modsatte
Malte Ebert,2025-03-03,Fortæl Mig Hvis Du Vil Noget Andet
Suspekt ft. URO,2025-03-03,Tænker Ik På Andre
Blæst,2025-03-03,Elsker Dig Så Meget
Malte Ebert,2025-03-03,Er Det Mig Du Elsker?
Mumle,2025-03-03,Fra Jylland til København
Benson Boone,2025-03-03,Sorry I'm Here For Someone Else
Omar ft. Mumle,2025-03-04,Hele Vejen
Lord Siva,2025-03-04,Stjernerne
Mumle,2025-03-04,Det Modsatte
Malte Ebert,2025-03-04,Fortæl Mig Hvis Du Vil Noget Andet
Suspekt ft. URO,2025-03-04,Tænker Ik På Andre
Blæst,2025-03-04,Elsker Dig Så Meget
Malte Ebert,2025-03-04,Er Det Mig Du Elsker?
Mumle,2025-03-04,Fra Jylland til København
Benson Boone,2025-03-04,Sorry I'm Here For Someone Else
Lord Siva,2025-03-05,Stjernerne
Mumle,2025-03-05,Det Modsatte
Malte Ebert,2025-03-05,Fortæl Mig Hvis Du Vil Noget Andet
Suspekt ft. URO,2025-03-05,Tænker Ik På Andre
Blæst,2025-03-05,Elsker Dig Så Meget
Malte Ebert,2025-03-05,Er Det Mig Du Elsker?
Mumle,2025-03-05,Fra Jylland til København
Dermot Kennedy,2025-03-05,Outnumbered
Benson Boone,2025-03-05,Sorry I'm Here For Someone Else
Omar ft. Mumle,2025-03-05,Hele Vejen
Omar ft. Mumle,2025-03-06,Hele Vejen
Lord Siva,2025-03-06,Stjernerne
Mumle,2025-03-06,Det Modsatte
Malte Ebert,2025-03-06,Fortæl Mig Hvis Du Vil Noget Andet
Suspekt ft. URO,2025-03-06,Tænker Ik På Andre
Blæst,2025-03-06,Elsker Dig Så Meget
Malte Ebert,2025-03-06,Er Det Mig Du Elsker?
Mumle,2025-03-06,Fra Jylland til København
Dermot Kennedy,2025-03-06,Outnumbered
Benson Boone,2025-03-06,Sorry I'm Here For Someone Else
Omar ft. Mumle,2025-03-07,Hele Vejen
Lord Siva,2025-03-07,Stjernerne
Mumle,2025-03-07,Det Modsatte
Malte Ebert,2025-03-07,Fortæl Mig Hvis Du Vil Noget Andet
Suspekt ft. URO,2025-03-07,Tænker Ik På Andre
Blæst,2025-03-07,Elsker Dig Så Meget
Malte Ebert,2025-03-07,Er Det Mig Du Elsker?
Mumle,2025-03-07,Fra Jylland til København
Dermot Kennedy,2025-03-07,Outnumbered
Omar ft. Mumle,2025-03-08,Hele Vejen
Lord Siva,2025-03-08,Stjernerne
Mumle,2025-03-08,Det Modsatte
Malte Ebert,2025-03-08,Fortæl Mig Hvis Du Vil Noget Andet
Suspekt ft. URO,2025-03-08,Tænker Ik På Andre
Blæst,2025-03-08,Elsker Dig Så Meget
Malte Ebert,2025-03-08,Er Det Mig Du Elsker?
Mumle,2025-03-08,Fra Jylland til København
Dermot Kennedy,2025-03-08,Outnumbered
Benson Boone,2025-03-08,Sorry I'm Here For Someone Else
Omar ft. Mumle,2025-03-09,Hele Vejen
Lord Siva,2025-03-09,Stjernerne
Mumle,2025-03-09,Det Modsatte
Malte Ebert,2025-03-09,Fortæl Mig Hvis Du Vil Noget Andet
Suspekt ft. URO,2025-03-09,Tænker Ik På Andre
Blæst,2025-03-09,Elsker Dig Så Meget
Malte Ebert,2025-03-09,Er Det Mig Du Elsker?
Mumle,2025-03-09,Fra Jylland til København
Benson Boone,2025-03-09,Sorry I'm Here For Someone Else
Omar ft. Mumle,2025-03-10,Hele Vejen
Lord Siva,2025-03-10,Stjernerne
Mumle,2025-03-10,Det Modsatte
Malte Ebert,2025-03-10,Fortæl Mig Hvis Du Vil Noget Andet
Suspekt ft. URO,2025-03-10,Tænker Ik På Andre
Blæst,2025-03-10,Elsker Dig Så Meget
Malte Ebert,2025-03-10,Er Det Mig Du Elsker?
Mumle,2025-03-10,Fra Jylland til København
Benson Boone,2025-03-10,Sorry I'm Here For Someone Else
Lord Siva,2025-03-11,Stjernerne
Mumle,2025-03-11,Det Modsatte
Malte Ebert,2025-03-11,Fortæl Mig Hvis Du Vil Noget Andet
Suspekt ft. URO,2025-03-11,Tænker Ik På Andre
Blæst,2025-03-11,Elsker Dig Så Meget
Mumle,2025-03-11,Fra Jylland til København
Dermot Kennedy,2025-03-11,Outnumbered
Benson Boone,2025-03-11,Sorry I'm Here For Someone Else
Malte Ebert,2025-03-11,Er Det Mig Du Elsker?
Omar ft. Mumle,2025-03-11,Hele Vejen
Lord Siva,2025-03-12,Stjernerne
Mumle,2025-03-12,Det Modsatte
Malte Ebert,2025-03-12,Fortæl Mig Hvis Du Vil Noget Andet
Suspekt ft. URO,2025-03-12,Tænker Ik På Andre
Blæst,2025-03-12,Elsker Dig Så Meget
Malte Ebert,2025-03-12,Er Det Mig Du Elsker?
Mumle,2025-03-12,Fra Jylland til København
Dermot Kennedy,2025-03-12,Outnumbered
Omar ft. Mumle,2025-03-12,Hele Vejen
Benson Boone,2025-03-12,Sorry I'm Here For Someone Else
Blæst,2025-03-12,Vi Ku' Gå Hele Vejen
Lord Siva,2025-03-13,Stjernerne
Mumle,2025-03-13,Det Modsatte
Malte Ebert,2025-03-13,Fortæl Mig Hvis Du Vil Noget Andet
Suspekt ft. URO,2025-03-13,Tænker Ik På Andre
Blæst,2025-03-13,Elsker Dig Så Meget
Malte Ebert,2025-03-13,Er Det Mig Du Elsker?
Mumle,2025-03-13,Fra Jylland til København
Dermot Kennedy,2025-03-13,Outnumbered
Benson Boone,2025-03-13,Sorry I'm Here For Someone Else
Lord Siva,2025-03-14,Stjernerne
Mumle,2025-03-14,Det Modsatte
Malte Ebert,2025-03-14,Fortæl Mig Hvis Du Vil Noget Andet
Suspekt ft. URO,2025-03-14,Tænker Ik På Andre
Blæst,2025-03-14,Elsker Dig Så Meget
Malte Ebert,2025-03-14,Er Det Mig Du Elsker?
Mumle,2025-03-14,Fra Jylland til København
Dermot Kennedy,2025-03-14,Outnumbered
Lord Siva,2025-03-15,Stjernerne
Mumle,2025-03-15,Det Modsatte
Post Malone ft. Morgan Wallen,2025-03-15,I Had Some Help
Malte Ebert,2025-03-15,Fortæl Mig Hvis Du Vil Noget Andet
Suspekt ft. URO,2025-03-15,Tænker Ik På Andre
Blæst,2025-03-15,Elsker Dig Så Meget
Malte Ebert,2025-03-15,Er Det Mig Du Elsker?
Mumle,2025-03-15,Fra Jylland til København
Omar ft. Mumle,2025-03-15,Hele Vejen
Benson Boone,2025-03-15,Sorry I'm Here For Someone Else
Lord Siva,2025-03-16,Stjernerne
Mumle,2025-03-16,Det Modsatte
Malte Ebert,2025-03-16,Fortæl Mig Hvis Du Vil Noget Andet
Suspekt ft. URO,2025-03-16,Tænker Ik På Andre
Blæst,2025-03-16,Elsker Dig Så Meget
Malte Ebert,2025-03-16,Er Det Mig Du Elsker?
Mumle,2025-03-16,Fra Jylland til København
Dermot Kennedy,2025-03-16,Outnumbered
Benson Boone,2025-03-16,Sorry I'm Here For Someone Else
Post Malone ft. Morgan Wallen,2025-03-16,I Had Some Help
Omar ft. Mumle,2025-03-17,Hele Vejen
Lord Siva,2025-03-17,Stjernerne
Mumle,2025-03-17,Det Modsatte
Malte Ebert,2025-03-17,Fortæl Mig Hvis Du Vil Noget Andet
Suspekt ft. URO,2025-03-17,Tænker Ik På Andre
Blæst,2025-03-17,Elsker Dig Så Meget
Malte Ebert,2025-03-17,Er Det Mig Du Elsker?
Mumle,2025-03-17,Fra Jylland til København
Benson Boone,2025-03-17,Sorry I'm Here For Someone Else
Omar ft. Mumle,2025-03-18,Hele Vejen
Lord Siva,2025-03-18,Stjernerne
Mumle,2025-03-18,Det Modsatte
Malte Ebert,2025-03-18,Fortæl Mig Hvis Du Vil Noget Andet
Suspekt ft. URO,2025-03-18,Tænker Ik På Andre
Blæst,2025-03-18,Elsker Dig Så Meget
Blæst,2025-03-18,Vi Ku' Gå Hele Vejen
Malte Ebert,2025-03-18,Er Det Mig Du Elsker?
Mumle,2025-03-18,Fra Jylland til København
Benson Boone,2025-03-18,Sorry I'm Here For Someone Else
Lord Siva,2025-03-19,Stjernerne
Mumle,2025-03-19,Det Modsatte
Malte Ebert,2025-03-19,Fortæl Mig Hvis Du Vil Noget Andet
Suspekt ft. URO,2025-03-19,Tænker Ik På Andre
Blæst,2025-03-19,Elsker Dig Så Meget
Blæst,2025-03-19,Vi Ku' Gå Hele Vejen
Malte Ebert,2025-03-19,Er Det Mig Du Elsker?
Mumle,2025-03-19,Fra Jylland til København
Dermot Kennedy,2025-03-19,Outnumbered
Benson Boone,2025-03-19,Sorry I'm Here For Someone Else
Lord Siva,2025-03-20,Stjernerne
Mumle,2025-03-20,Det Modsatte
Malte Ebert,2025-03-20,Fortæl Mig Hvis Du Vil Noget Andet
Suspekt ft. URO,2025-03-20,Tænker Ik På Andre
Blæst,2025-03-20,Elsker Dig Så Meget
Blæst,2025-03-20,Vi Ku' Gå Hele Vejen
Malte Ebert,2025-03-20,Er Det Mig Du Elsker?
Mumle,2025-03-20,Fra Jylland til København
Dermot Kennedy,2025-03-20,Outnumbered
Omar ft. Mumle,2025-03-20,Hele Vejen
Benson Boone,2025-03-20,Sorry I'm Here For Someone Else
Lord Siva,2025-03-21,Stjernerne
Mumle,2025-03-21,Det Modsatte
Malte Ebert,2025-03-21,Fortæl Mig Hvis Du Vil Noget Andet
Suspekt ft. URO,2025-03-21,Tænker Ik På Andre
Blæst,2025-03-21,Elsker Dig Så Meget
Malte Ebert,2025-03-21,Er Det Mig Du Elsker?
Mumle,2025-03-21,Fra Jylland til København
Dermot Kennedy,2025-03-21,Outnumbered
Omar ft. Mumle,2025-03-21,Hele Vejen
Benson Boone,2025-03-21,Sorry I'm Here For Someone Else
Lord Siva,2025-03-22,Stjernerne
Mumle,2025-03-22,Det Modsatte
Malte Ebert,2025-03-22,Fortæl Mig Hvis Du Vil Noget Andet
Suspekt ft. URO,2025-03-22,Tænker Ik På Andre
Blæst,2025-03-22,Elsker Dig Så Meget
Malte Ebert,2025-03-22,Er Det Mig Du Elsker?
Mumle,2025-03-22,Fra Jylland til København
Benson Boone,2025-03-22,Sorry I'm Here For Someone Else
Post Malone ft. Morgan Wallen,2025-03-22,I Had Some Help
Omar ft. Mumle,2025-03-22,Hele Vejen
Lord Siva,2025-03-23,Stjernerne
Mumle,2025-03-23,Det Modsatte
Malte Ebert,2025-03-23,Fortæl Mig Hvis Du Vil Noget Andet
Suspekt ft. URO,2025-03-23,Tænker Ik På Andre
Blæst,2025-03-23,Elsker Dig Så Meget
Malte Ebert,2025-03-23,Er Det Mig Du Elsker?
Mumle,2025-03-23,Fra Jylland til København
Omar ft. Mumle,2025-03-23,Hele Vejen
Omar ft. Mumle,2025-03-24,Hele Vejen
Lord Siva,2025-03-24,Stjernerne
Mumle,2025-03-24,Det Modsatte
Malte Ebert,2025-03-24,Fortæl Mig Hvis Du Vil Noget Andet
Suspekt ft. URO,2025-03-24,Tænker Ik På Andre
Blæst,2025-03-24,Elsker Dig Så Meget
Malte Ebert,2025-03-24,Er Det Mig Du Elsker?
Mumle,2025-03-24,Fra Jylland til København
Lord Siva,2025-03-25,Stjernerne
Mumle,2025-03-25,Det Modsatte
Malte Ebert,2025-03-25,Fortæl Mig Hvis Du Vil Noget Andet
Suspekt ft. URO,2025-03-25,Tænker Ik På Andre
Blæst,2025-03-25,Elsker Dig Så Meget
Malte Ebert,2025-03-25,Er Det Mig Du Elsker?
Mumle,2025-03-25,Fra Jylland til København
Dermot Kennedy,2025-03-25,Outnumbered
Omar ft. Mumle,2025-03-25,Hele Vejen
Benson Boone,2025-03-25,Sorry I'm Here For Someone Else
Lord Siva,2025-03-26,Stjernerne
Mumle,2025-03-26,Det Modsatte
Malte Ebert,2025-03-26,Fortæl Mig Hvis Du Vil Noget Andet
Suspekt ft. URO,2025-03-26,Tænker Ik På Andre
Blæst,2025-03-26,Elsker Dig Så Meget
Malte Ebert,2025-03-26,Er Det Mig Du Elsker?
Mumle,2025-03-26,Fra Jylland til København
Omar ft. Mumle,2025-03-26,Hele Vejen
Benson Boone,2025-03-26,Sorry I'm Here For Someone Else
Post Malone ft. Morgan Wallen,2025-03-26,I Had Some Help
Lord Siva,2025-03-27,Stjernerne
Mumle,2025-03-27,Det Modsatte
Malte Ebert,2025-03-27,Fortæl Mig Hvis Du Vil Noget Andet
Suspekt ft. URO,2025-03-27,Tænker Ik På Andre
Blæst,2025-03-27,Elsker Dig Så Meget
Malte Ebert,2025-03-27,Er Det Mig Du Elsker?
Mumle,2025-03-27,Fra Jylland til København
Dermot Kennedy,2025-03-27,Outnumbered
Benson Boone,2025-03-27,Sorry I'm Here For Someone Else
Lord Siva,2025-03-28,Stjernerne
Mumle,2025-03-28,Det Modsatte
Malte Ebert,2025-03-28,Fortæl Mig Hvis Du Vil Noget Andet
Suspekt ft. URO,2025-03-28,Tænker Ik På Andre
Blæst,2025-03-28,Elsker Dig Så Meget
Malte Ebert,2025-03-28,Er Det Mig Du Elsker?
Mumle,2025-03-28,Fra Jylland til København
Dermot Kennedy,2025-03-28,Outnumbered
Omar ft. Mumle,2025-03-28,Hele Vejen
Benson Boone,2025-03-28,Sorry I'm Here For Someone Else
Omar ft. Mumle,2025-03-29,Hele Vejen
Lord Siva,2025-03-29,Stjernerne
Mumle,2025-03-29,Det Modsatte
Malte Ebert,2025-03-29,Fortæl Mig Hvis Du Vil Noget Andet
Suspekt ft. URO,2025-03-29,Tænker Ik På Andre
Blæst,2025-03-29,Elsker Dig Så Meget
Malte Ebert,2025-03-29,Er Det Mig Du Elsker?
Mumle,2025-03-29,Fra Jylland til København
Dermot Kennedy,2025-03-29,Outnumbered
Benson Boone,2025-03-29,Sorry I'm Here For Someone Else
Lord Siva,2025-03-30,Stjernerne
Mumle,2025-03-30,Det Modsatte
Malte Ebert,2025-03-30,Fortæl Mig Hvis Du Vil Noget Andet
Suspekt ft. URO,2025-03-30,Tænker Ik På Andre
Blæst,2025-03-30,Elsker Dig Så Meget
Malte Ebert,2025-03-30,Er Det Mig Du Elsker?
Mumle,2025-03-30,Fra Jylland til København
Omar ft. Mumle,2025-03-30,Hele Vejen
Benson Boone,2025-03-30,Sorry I'm Here For Someone Else
Lord Siva,2025-03-31,Stjernerne
Mumle,2025-03-31,Det Modsatte
Malte Ebert,2025-03-31,Fortæl Mig Hvis Du Vil Noget Andet
Suspekt ft. URO,2025-03-31,Tænker Ik På Andre
Blæst,2025-03-31,Elsker Dig Så Meget
Malte Ebert,2025-03-31,Er Det Mig Du Elsker?
Mumle,2025-03-31,Fra Jylland til København
Dermot Kennedy,2025-03-31,Outnumbered
Benson Boone,2025-03-31,Sorry I'm Here For Someone Else
Omar ft. Mumle,2025-03-31,Hele Vejen
Lord Siva,2025-04-01,Stjernerne
Mumle,2025-04-01,Det Modsatte
Malte Ebert,2025-04-01,Fortæl Mig Hvis Du Vil Noget Andet
Suspekt ft. URO,2025-04-01,Tænker Ik På Andre
Blæst,2025-04-01,Elsker Dig Så Meget
Malte Ebert,2025-04-01,Er Det Mig Du Elsker?
Mumle,2025-04-01,Fra Jylland til København
Omar ft. Mumle,2025-04-01,Hele Vejen
Lord Siva,2025-04-02,Stjernerne
Mumle,2025-04-02,Det Modsatte
Malte Ebert,2025-04-02,Fortæl Mig Hvis Du Vil Noget Andet
Suspekt ft. URO,2025-04-02,Tænker Ik På Andre
Blæst,2025-04-02,Elsker Dig Så Meget
Malte Ebert,2025-04-02,Er Det Mig Du Elsker?
Mumle,2025-04-02,Fra Jylland til København
Dermot Kennedy,2025-04-02,Outnumbered
Omar ft. Mumle,2025-04-02,Hele Vejen
Benson Boone,2025-04-02,Sorry I'm Here For Someone Else
Lord Siva,2025-04-03,Stjernerne
Mumle,2025-04-03,Det Modsatte
Malte Ebert,2025-04-03,Fortæl Mig Hvis Du Vil Noget Andet
Suspekt ft. URO,2025-04-03,Tænker Ik På Andre
Blæst,2025-04-03,Elsker Dig Så Meget
Malte Ebert,2025-04-03,Er Det Mig Du Elsker?
Mumle,2025-04-03,Fra Jylland til København
Dermot Kennedy,2025-04-03,Outnumbered
Benson Boone,2025-04-03,Sorry I'm Here For Someone Else
Omar ft. Mumle,2025-04-03,Hele Vejen
Omar ft. Mumle,2025-04-04,Hele Vejen
Lord Siva,2025-04-04,Stjernerne
Mumle,2025-04-04,Det Modsatte
Malte Ebert,2025-04-04,Fortæl Mig Hvis Du Vil Noget Andet
Suspekt ft. URO,2025-04-04,Tænker Ik På Andre
Blæst,2025-04-04,Elsker Dig Så Meget
Malte Ebert,2025-04-04,Er Det Mig Du Elsker?
Mumle,2025-04-04,Fra Jylland til København
Benson Boone,2025-04-04,Sorry I'm Here For Someone Else
Post Malone ft. Morgan Wallen,2025-04-04,I Had Some Help
Omar ft. Mumle,2025-04-05,Hele Vejen
Lord Siva,2025-04-05,Stjernerne
Mumle,2025-04-05,Det Modsatte
Malte Ebert,2025-04-05,Fortæl Mig Hvis Du Vil Noget Andet
Suspekt ft. URO,2025-04-05,Tænker Ik På Andre
Blæst,2025-04-05,Elsker Dig Så Meget
Malte Ebert,2025-04-05,Er Det Mig Du Elsker?
Mumle,2025-04-05,Fra Jylland til København
Dermot Kennedy,2025-04-05,Outnumbered
Benson Boone,2025-04-05,Sorry I'm Here For Someone Else
Omar ft. Mumle,2025-04-06,Hele Vejen
Lord Siva,2025-04-06,Stjernerne
Mumle,2025-04-06,Det Modsatte
Malte Ebert,2025-04-06,Fortæl Mig Hvis Du Vil Noget Andet
Suspekt ft. URO,2025-04-06,Tænker Ik På Andre
Blæst,2025-04-06,Elsker Dig Så Meget
Malte Ebert,2025-04-06,Er Det Mig Du Elsker?
Mumle,2025-04-06,Fra Jylland til København
Dermot Kennedy,2025-04-06,Outnumbered
Benson Boone,2025-04-06,Sorry I'm Here For Someone Else
Omar ft. Mumle,2025-04-07,Hele Vejen
Lord Siva,2025-04-07,Stjernerne
Mumle,2025-04-07,Det Modsatte
Malte Ebert,2025-04-07,Fortæl Mig Hvis Du Vil Noget Andet
Suspekt ft. URO,2025-04-07,Tænker Ik På Andre
Blæst,2025-04-07,Elsker Dig Så Meget
Malte Ebert,2025-04-07,Er Det Mig Du Elsker?
Mumle,2025-04-07,Fra Jylland til København
Benson Boone,2025-04-07,Sorry I'm Here For Someone Else
Lord Siva,2025-04-08,Stjernerne
Mumle,2025-04-08,Det Modsatte
Malte Ebert,2025-04-08,Fortæl Mig Hvis Du Vil Noget Andet
Suspekt ft. URO,2025-04-08,Tænker Ik På Andre
Blæst,2025-04-08,Elsker Dig Så Meget
Malte Ebert,2025-04-08,Er Det Mig Du Elsker?
Mumle,2025-04-08,Fra Jylland til København
Benson Boone,2025-04-08,Sorry I'm Here For Someone Else
Lord Siva,2025-04-09,Stjernerne
Mumle,2025-04-09,Det Modsatte
Malte Ebert,2025-04-09,Fortæl Mig Hvis Du Vil Noget Andet
Suspekt ft. URO,2025-04-09,Tænker Ik På Andre
Blæst,2025-04-09,Elsker Dig Så Meget
Malte Ebert,2025-04-09,Er Det Mig Du Elsker?
Mumle,2025-04-09,Fra Jylland til København
Omar ft. Mumle,2025-04-09,Hele Vejen
Benson Boone,2025-04-09,Sorry I'm Here For Someone Else
Lord Siva,2025-04-10,Stjernerne
Mumle,2025-04-10,Det Modsatte
Malte Ebert,2025-04-10,Fortæl Mig Hvis Du Vil Noget Andet
Suspekt ft. URO,2025-04-10,Tænker Ik På Andre
Blæst,2025-04-10,Elsker Dig Så Meget
Malte Ebert,2025-04-10,Er Det Mig Du Elsker?
Mumle,2025-04-10,Fra Jylland til København
Omar ft. Mumle,2025-04-10,Hele Vejen
Benson Boone,2025-04-10,Sorry I'm Here For Someone Else
Lord Siva,2025-04-11,Stjernerne
Mumle,2025-04-11,Det Modsatte
Malte Ebert,2025-04-11,Fortæl Mig Hvis Du Vil Noget Andet
Suspekt ft. URO,2025-04-11,Tænker Ik På Andre
Blæst,2025-04-11,Elsker Dig Så Meget
Blæst,2025-04-11,Vi Ku' Gå Hele Vejen
Malte Ebert,2025-04-11,Er Det Mig Du Elsker?
Mumle,2025-04-11,Fra Jylland til København
Dermot Kennedy,2025-04-11,Outnumbered
Omar ft. Mumle,2025-04-11,Hele Vejen
Benson Boone,2025-04-11,Sorry I'm Here For Someone Else
Omar ft. Mumle,2025-04-12,Hele Vejen
Lord Siva,2025-04-12,Stjernerne
Mumle,2025-04-12,Det Modsatte
Malte Ebert,2025-04-12,Fortæl Mig Hvis Du Vil Noget Andet
Suspekt ft. URO,2025-04-12,Tænker Ik På Andre
Blæst,2025-04-12,Elsker Dig Så Meget
Malte Ebert,2025-04-12,Er Det Mig Du Elsker?
Mumle,2025-04-12,Fra Jylland til København
Dermot Kennedy,2025-04-12,Outnumbered
Benson Boone,2025-04-12,Sorry I'm Here For Someone Else
Lord Siva,2025-04-13,Stjernerne
Mumle,2025-04-13,Det Modsatte
Malte Ebert,2025-04-13,Fortæl Mig Hvis Du Vil Noget Andet
Suspekt ft. URO,2025-04-13,Tænker Ik På Andre
Blæst,2025-04-13,Elsker Dig Så Meget
Malte Ebert,2025-04-13,Er Det Mig Du Elsker?
Mumle,2025-04-13,Fra Jylland til København
Dermot Kennedy,2025-04-13,Outnumbered
Benson Boone,2025-04-13,Sorry I'm Here For Someone Else
Post Malone ft. Morgan Wallen,2025-04-13,I Had Some Help
Lord Siva,2025-04-14,Stjernerne
Mumle,2025-04-14,Det Modsatte
Malte Ebert,2025-04-14,Fortæl Mig Hvis Du Vil Noget Andet
Suspekt ft. URO,2025-04-14,Tænker Ik På Andre
Blæst,2025-04-14,Elsker Dig Så Meget
Malte Ebert,2025-04-14,Er Det Mig Du Elsker?
Mumle,2025-04-14,Fra Jylland til København
Dermot Kennedy,2025-04-14,Outnumbered
Omar ft. Mumle,2025-04-14,Hele Vejen
Lord Siva,2025-04-15,Stjernerne
Mumle,2025-04-15,Det Modsatte
Malte Ebert,2025-04-15,Fortæl Mig Hvis Du Vil Noget Andet
Suspekt ft. URO,2025-04-15,Tænker Ik På Andre
Blæst,2025-04-15,Elsker Dig Så Meget
Malte Ebert,2025-04-15,Er Det Mig Du Elsker?
Mumle,2025-04-15,Fra Jylland til København
Omar ft. Mumle,2025-04-15,Hele Vejen
Benson Boone,2025-04-15,Sorry I'm Here For Someone Else
Omar ft. Mumle,2025-04-16,Hele Vejen
Lord Siva,2025-04-16,Stjernerne
Mumle,2025-04-16,Det Modsatte
Malte Ebert,2025-04-16,Fortæl Mig Hvis Du Vil Noget Andet
Suspekt ft. URO,2025-04-16,Tænker Ik På Andre
Blæst,2025-04-16,Elsker Dig Så Meget
Malte Ebert,2025-04-16,Er Det Mig Du Elsker?
Mumle,2025-04-16,Fra Jylland til København
Benson Boone,2025-04-16,Sorry I'm Here For Someone Else
Lord Siva,2025-04-17,Stjernerne
Mumle,2025-04-17,Det Modsatte
Malte Ebert,2025-04-17,Fortæl Mig Hvis Du Vil Noget Andet
Suspekt ft. URO,2025-04-17,Tænker Ik På Andre
Blæst,2025-04-17,Elsker Dig Så Meget
Malte Ebert,2025-04-17,Er Det Mig Du Elsker?
Mumle,2025-04-17,Fra Jylland til København
Dermot Kennedy,2025-04-17,Outnumbered
Omar ft. Mumle,2025-04-17,Hele Vejen
Benson Boone,2025-04-17,Sorry I'm Here For Someone Else
Omar ft. Mumle,2025-04-18,Hele Vejen
Lord Siva,2025-04-18,Stjernerne
Mumle,2025-04-18,Det Modsatte
Malte Ebert,2025-04-18,Fortæl Mig Hvis Du Vil Noget Andet
Suspekt ft. URO,2025-04-18,Tænker Ik På Andre
Blæst,2025-04-18,Elsker Dig Så Meget
Malte Ebert,2025-04-18,Er Det Mig Du Elsker?
Mumle,2025-04-18,Fra Jylland til København
Benson Boone,2025-04-18,Sorry I'm Here For Someone Else
Post Malone ft. Morgan Wallen,2025-04-18,I Had Some Help
Omar ft. Mumle,2025-04-19,Hele Vejen
Lord Siva,2025-04-19,Stjernerne
Mumle,2025-04-19,Det Modsatte
Malte Ebert,2025-04-19,Fortæl Mig Hvis Du Vil Noget Andet
Suspekt ft. URO,2025-04-19,Tænker Ik På Andre
Blæst,2025-04-19,Elsker Dig Så Meget
Malte Ebert,2025-04-19,Er Det Mig Du Elsker?
Mumle,2025-04-19,Fra Jylland til København
Dermot Kennedy,2025-04-19,Outnumbered
Benson Boone,2025-04-19,Sorry I'm Here For Someone Else
Lord Siva,2025-04-20,Stjernerne
Mumle,2025-04-20,Det Modsatte
Malte Ebert,2025-04-20,Fortæl Mig Hvis Du Vil Noget Andet
Suspekt ft. URO,2025-04-20,Tænker Ik På Andre
Blæst,2025-04-20,Elsker Dig Så Meget
Malte Ebert,2025-04-20,Er Det Mig Du Elsker?
Mumle,2025-04-20,Fra Jylland til København
Dermot Kennedy,2025-04-20,Outnumbered
Benson Boone,2025-04-20,Sorry I'm Here For Someone Else
Post Malone ft. Morgan Wallen,2025-04-20,I Had Some Help
Omar ft. Mumle,2025-04-20,Hele Vejen
Omar ft. Mumle,2025-04-21,Hele Vejen
Lord Siva,2025-04-21,Stjernerne
Mumle,2025-04-21,Det Modsatte
Malte Ebert,2025-04-21,Fortæl Mig Hvis Du Vil Noget Andet
Suspekt ft. URO,2025-04-21,Tænker Ik På Andre
Blæst,2025-04-21,Elsker Dig Så Meget
Malte Ebert,2025-04-21,Er Det Mig Du Elsker?
Mumle,2025-04-21,Fra Jylland til København
Dermot Kennedy,2025-04-21,Outnumbered
Benson Boone,2025-04-21,Sorry I'm Here For Someone Else
Omar ft. Mumle,2025-04-22,Hele Vejen
Lord Siva,2025-04-22,Stjernerne
Mumle,2025-04-22,Det Modsatte
Malte Ebert,2025-04-22,Fortæl Mig Hvis Du Vil Noget Andet
Suspekt ft. URO,2025-04-22,Tænker Ik På Andre
Blæst,2025-04-22,Elsker Dig Så Meget
Malte Ebert,2025-04-22,Er Det Mig Du Elsker?
Mumle,2025-04-22,Fra Jylland til København
Blæst,2025-04-22,Vi Ku' Gå Hele Vejen
Lord Siva,2025-04-23,Stjernerne
Mumle,2025-04-23,Det Modsatte
Malte Ebert,2025-04-23,Fortæl Mig Hvis Du Vil Noget Andet
Suspekt ft. URO,2025-04-23,Tænker Ik På Andre
Blæst,2025-04-23,Elsker Dig Så Meget
Malte Ebert,2025-04-23,Er Det Mig Du Elsker?
Mumle,2025-04-23,Fra Jylland til København
Dermot Kennedy,2025-04-23,Outnumbered
Omar ft. Mumle,2025-04-24,Hele Vejen
Lord Siva,2025-04-24,Stjernerne
Mumle,2025-04-24,Det Modsatte
Malte Ebert,2025-04-24,Fortæl Mig Hvis Du Vil Noget Andet
Suspekt ft. URO,2025-04-24,Tænker Ik På Andre
Blæst,2025-04-24,Elsker Dig Så Meget
Mumle,2025-04-24,Fra Jylland til København
Dermot Kennedy,2025-04-24,Outnumbered
Benson Boone,2025-04-24,Sorry I'm Here For Someone Else
Omar ft. Mumle,2025-04-25,Hele Vejen
Lord Siva,2025-04-25,Stjernerne
Mumle,2025-04-25,Det Modsatte
Malte Ebert,2025-04-25,Fortæl Mig Hvis Du Vil Noget Andet
Suspekt ft. URO,2025-04-25,Tænker Ik På Andre
Blæst,2025-04-25,Elsker Dig Så Meget
Malte Ebert,2025-04-25,Er Det Mig Du Elsker?
Mumle,2025-04-25,Fra Jylland til København
Dermot Kennedy,2025-04-25,Outnumbered
Benson Boone,2025-04-25,Sorry I'm Here For Someone Else
Lord Siva,2025-04-26,Stjernerne
Mumle,2025-04-26,Det Modsatte
Malte Ebert,2025-04-26,Fortæl Mig Hvis Du Vil Noget Andet
Suspekt ft. URO,2025-04-26,Tænker Ik På Andre
Blæst,2025-04-26,Elsker Dig Så Meget
Malte Ebert,2025-04-26,Er Det Mig Du Elsker?
Mumle,2025-04-26,Fra Jylland til København
Lord Siva,2025-04-27,Stjernerne
Mumle,2025-04-27,Det Modsatte
Malte Ebert,2025-04-27,Fortæl Mig Hvis Du Vil Noget Andet
Suspekt ft. URO,2025-04-27,Tænker Ik På Andre
Blæst,2025-04-27,Elsker Dig Så Meget
Malte Ebert,2025-04-27,Er Det Mig Du Elsker?
Mumle,2025-04-27,Fra Jylland til København
Dermot Kennedy,2025-04-27,Outnumbered
Omar ft. Mumle,2025-04-27,Hele Vejen
Benson Boone,2025-04-27,Sorry I'm Here For Someone Else
Post Malone ft. Morgan Wallen,2025-04-27,I Had Some Help
Lord Siva,2025-04-28,Stjernerne
Mumle,2025-04-28,Det Modsatte
Malte Ebert,2025-04-28,Fortæl Mig Hvis Du Vil Noget Andet
Suspekt ft. URO,2025-04-28,Tænker Ik På Andre
Blæst,2025-04-28,Elsker Dig Så Meget
Malte Ebert,2025-04-28,Er Det Mig Du Elsker?
Mumle,2025-04-28,Fra Jylland til København
Benson Boone,2025-04-28,Sorry I'm Here For Someone Else
Omar ft. Mumle,2025-04-28,Hele Vejen
Lord Siva,2025-04-29,Stjernerne
Mumle,2025-04-29,Det Modsatte
Malte Ebert,2025-04-29,Fortæl Mig Hvis Du Vil Noget Andet
Suspekt ft. URO,2025-04-29,Tænker Ik På Andre
Blæst,2025-04-29,Elsker Dig Så Meget
Malte Ebert,2025-04-29,Er Det Mig Du Elsker?
Mumle,2025-04-29,Fra Jylland til København
Omar ft. Mumle,2025-04-29,Hele Vejen
Benson Boone,2025-04-29,Sorry I'm Here For Someone Else
Lord Siva,2025-04-30,Stjernerne
Mumle,2025-04-30,Det Modsatte
Malte Ebert,2025-04-30,Fortæl Mig Hvis Du Vil Noget Andet
Suspekt ft. URO,2025-04-30,Tænker Ik På Andre
Blæst,2025-04-30,Elsker Dig Så Meget
Malte Ebert,2025-04-30,Er Det Mig Du Elsker?
Mumle,2025-04-30,Fra Jylland til København
Benson Boone,2025-04-30,Sorry I'm Here For Someone Else
Omar ft. Mumle,2025-04-30,Hele Vejen
Lord Siva,2025-05-01,Stjernerne
Mumle,2025-05-01,Det Modsatte
Malte Ebert,2025-05-01,Fortæl Mig Hvis Du Vil Noget Andet
Suspekt ft. URO,2025-05-01,Tænker Ik På Andre
Blæst,2025-05-01,Elsker Dig Så Meget
Malte Ebert,2025-05-01,Er Det Mig Du Elsker?
Mumle,2025-05-01,Fra Jylland til København
Dermot Kennedy,2025-05-01,Outnumbered
Omar ft. Mumle,2025-05-01,Hele Vejen
Benson Boone,2025-05-01,Sorry I'm Here For Someone Else
Omar ft. Mumle,2025-05-02,Hele Vejen
Lord Siva,2025-05-02,Stjernerne
Mumle,2025-05-02,Det Modsatte
Malte Ebert,2025-05-02,Fortæl Mig Hvis Du Vil Noget Andet
Suspekt ft. URO,2025-05-02,Tænker Ik På Andre
Blæst,2025-05-02,Elsker Dig Så Meget
Malte Ebert,2025-05-02,Er Det Mig Du Elsker?
Mumle,2025-05-02,Fra Jylland til København
Lord Siva,2025-05-03,Stjernerne
Mumle,2025-05-03,Det Modsatte
Malte Ebert,2025-05-03,Fortæl Mig Hvis Du Vil Noget Andet
Suspekt ft. URO,2025-05-03,Tænker Ik På Andre
Blæst,2025-05-03,Elsker Dig Så Meget
Malte Ebert,2025-05-03,Er Det Mig Du Elsker?
Mumle,2025-05-03,Fra Jylland til København
Dermot Kennedy,2025-05-03,Outnumbered
Benson Boone,2025-05-03,Sorry I'm Here For Someone Else
Post Malone ft. Morgan Wallen,2025-05-03,I Had Some Help
Omar ft. Mumle,2025-05-03,Hele Vejen
Lord Siva,2025-05-04,Stjernerne
Mumle,2025-05-04,Det Modsatte
Malte Ebert,2025-05-04,Fortæl Mig Hvis Du Vil Noget Andet
Suspekt ft. URO,2025-05-04,Tænker Ik På Andre
Blæst,2025-05-04,Elsker Dig Så Meget
Malte Ebert,2025-05-04,Er Det Mig Du Elsker?
Mumle,2025-05-04,Fra Jylland til København
Benson Boone,2025-05-04,Sorry I'm Here For Someone Else
Lord Siva,2025-05-05,Stjernerne
Mumle,2025-05-05,Det Modsatte
Malte Ebert,2025-05-05,Fortæl Mig Hvis Du Vil Noget Andet
Suspekt ft. URO,2025-05-05,Tænker Ik På Andre
Blæst,2025-05-05,Elsker Dig Så Meget
Malte Ebert,2025-05-05,Er Det Mig Du Elsker?
Mumle,2025-05-05,Fra Jylland til København
Dermot Kennedy,2025-05-05,Outnumbered
Omar ft. Mumle,2025-05-05,Hele Vejen
Benson Boone,2025-05-05,Sorry I'm Here For Someone Else
Post Malone ft. Morgan Wallen,2025-05-05,I Had Some Help
Omar ft. Mumle,2025-05-06,Hele Vejen
Lord Siva,2025-05-06,Stjernerne
Mumle,2025-05-06,Det Modsatte
Malte Ebert,2025-05-06,Fortæl Mig Hvis Du Vil Noget Andet
Suspekt ft. URO,2025-05-06,Tænker Ik På Andre
Blæst,2025-05-06,Elsker Dig Så Meget
Malte Ebert,2025-05-06,Er Det Mig Du Elsker?
Mumle,2025-05-06,Fra Jylland til København
Dermot Kennedy,2025-05-06,Outnumbered
Benson Boone,2025-05-06,Sorry I'm Here For Someone Else
Lord Siva,2025-05-07,Stjernerne
Mumle,2025-05-07,Det Modsatte
Malte Ebert,2025-05-07,Fortæl Mig Hvis Du Vil Noget Andet
Suspekt ft. URO,2025-05-07,Tænker Ik På Andre
Blæst,2025-05-07,Elsker Dig Så Meget
Malte Ebert,2025-05-07,Er Det Mig Du Elsker?
Mumle,2025-05-07,Fra Jylland til København
Benson Boone,2025-05-07,Sorry I'm Here For Someone Else
Omar ft. Mumle,2025-05-07,Hele Vejen
Lord Siva,2025-05-08,Stjernerne
Mumle,2025-05-08,Det Modsatte
Malte Ebert,2025-05-08,Fortæl Mig Hvis Du Vil Noget Andet
Suspekt ft. URO,2025-05-08,Tænker Ik På Andre
Blæst,2025-05-08,Elsker Dig Så Meget
Malte Ebert,2025-05-08,Er Det Mig Du Elsker?
Mumle,2025-05-08,Fra Jylland til København
Benson Boone,2025-05-08,Sorry I'm Here For Someone Else
Lord Siva,2025-05-09,Stjernerne
Mumle,2025-05-09,Det Modsatte
Malte Ebert,2025-05-09,Fortæl Mig Hvis Du Vil Noget Andet
Suspekt ft. URO,2025-05-09,Tænker Ik På Andre
Blæst,2025-05-09,Elsker Dig Så Meget
Malte Ebert,2025-05-09,Er Det Mig Du Elsker?
Mumle,2025-05-09,Fra Jylland til København
Dermot Kennedy,2025-05-09,Outnumbered
Benson Boone,2025-05-09,Sorry I'm Here For Someone Else
Omar ft. Mumle,2025-05-10,Hele Vejen
Lord Siva,2025-05-10,Stjernerne
Mumle,2025-05-10,Det Modsatte
Malte Ebert,2025-05-10,Fortæl Mig Hvis Du Vil Noget Andet
Suspekt ft. URO,2025-05-10,Tænker Ik På Andre
Blæst,2025-05-10,Elsker Dig Så Meget
Malte Ebert,2025-05-10,Er Det Mig Du Elsker?
Mumle,2025-05-10,Fra Jylland til København
Dermot Kennedy,2025-05-10,Outnumbered
Benson Boone,2025-05-10,Sorry I'm Here For Someone Else
Lord Siva,2025-05-11,Stjernerne
Mumle,2025-05-11,Det Modsatte
Post Malone ft. Morgan Wallen,2025-05-11,I Had Some Help
Malte Ebert,2025-05-11,Fortæl Mig Hvis Du Vil Noget Andet
Suspekt ft. URO,2025-05-11,Tænker Ik På Andre
Blæst,2025-05-11,Elsker Dig Så Meget
Malte Ebert,2025-05-11,Er Det Mig Du Elsker?
Mumle,2025-05-11,Fra Jylland til København
Omar ft. Mumle,2025-05-11,Hele Vejen
Benson Boone,2025-05-11,Sorry I'm Here For Someone Else
Omar ft. Mumle,2025-05-12,Hele Vejen
Lord Siva,2025-05-12,Stjernerne
Mumle,2025-05-12,Det Modsatte
Malte Ebert,2025-05-12,Fortæl Mig Hvis Du Vil Noget Andet
Suspekt ft. URO,2025-05-12,Tænker Ik På Andre
Blæst,2025-05-12,Elsker Dig Så Meget
Malte Ebert,2025-05-12,Er Det Mig Du Elsker?
Mumle,2025-05-12,Fra Jylland til København
Dermot Kennedy,2025-05-12,Outnumbered
Benson Boone,2025-05-12,Sorry I'm Here For Someone Else
Blæst,2025-05-12,Vi Ku' Gå Hele Vejen
Lord Siva,2025-05-13,Stjernerne
Mumle,2025-05-13,Det Modsatte
Malte Ebert,2025-05-13,Fortæl Mig Hvis Du Vil Noget Andet
Suspekt ft. URO,2025-05-13,Tænker Ik På Andre
Blæst,2025-05-13,Elsker Dig Så Meget
Malte Ebert,2025-05-13,Er Det Mig Du Elsker?
Mumle,2025-05-13,Fra Jylland til København
Omar ft. Mumle,2025-05-13,Hele Vejen
Omar ft. Mumle,2025-05-14,Hele Vejen
Lord Siva,2025-05-14,Stjernerne
Mumle,2025-05-14,Det Modsatte
Malte Ebert,2025-05-14,Fortæl Mig Hvis Du Vil Noget Andet
Suspekt ft. URO,2025-05-14,Tænker Ik På Andre
Blæst,2025-05-14,Elsker Dig Så Meget
Malte Ebert,2025-05-14,Er Det Mig Du Elsker?
Mumle,2025-05-14,Fra Jylland til København
Benson Boone,2025-05-14,Sorry I'm Here For Someone Else
Omar ft. Mumle,2025-05-15,Hele Vejen
Lord Siva,2025-05-15,Stjernerne
Mumle,2025-05-15,Det Modsatte
Malte Ebert,2025-05-15,Fortæl Mig Hvis Du Vil Noget Andet
Suspekt ft. URO,2025-05-15,Tænker Ik På Andre
Blæst,2025-05-15,Elsker Dig Så Meget
Malte Ebert,2025-05-15,Er Det Mig Du Elsker?
Mumle,2025-05-15,Fra Jylland til København
Benson Boone,2025-05-15,Sorry I'm Here For Someone Else
Omar ft. Mumle,2025-05-16,Hele Vejen
Lord Siva,2025-05-16,Stjernerne
Mumle,2025-05-16,Det Modsatte
Malte Ebert,2025-05-16,Fortæl Mig Hvis Du Vil Noget Andet
Suspekt ft. URO,2025-05-16,Tænker Ik På Andre
Blæst,2025-05-16,Elsker Dig Så Meget
Malte Ebert,2025-05-16,Er Det Mig Du Elsker?
Mumle,2025-05-16,Fra Jylland til København
Dermot Kennedy,2025-05-16,Outnumbered
Benson Boone,2025-05-16,Sorry I'm Here For Someone Else
Omar ft. Mumle,2025-05-17,Hele Vejen
Lord Siva,2025-05-17,Stjernerne
Mumle,2025-05-17,Det Modsatte
Malte Ebert,2025-05-17,Fortæl Mig Hvis Du Vil Noget Andet
Suspekt ft. URO,2025-05-17,Tænker Ik På Andre
Blæst,2025-05-17,Elsker Dig Så Meget
Malte Ebert,2025-05-17,Er Det Mig Du Elsker?
Mumle,2025-05-17,Fra Jylland til København
Benson Boone,2025-05-17,Sorry I'm Here For Someone Else
Omar ft. Mumle,2025-05-18,Hele Vejen
Lord Siva,2025-05-18,Stjernerne
Mumle,2025-05-18,Det Modsatte
Malte Ebert,2025-05-18,Fortæl Mig Hvis Du Vil Noget Andet
Suspekt ft. URO,2025-05-18,Tænker Ik På Andre
Blæst,2025-05-18,Elsker Dig Så Meget
Malte Ebert,2025-05-18,Er Det Mig Du Elsker?
Mumle,2025-05-18,Fra Jylland til København
Dermot Kennedy,2025-05-18,Outnumbered
Benson Boone,2025-05-18,Sorry I'm Here For Someone Else
Omar ft. Mumle,2025-05-19,Hele Vejen
Lord Siva,2025-05-19,Stjernerne
Mumle,2025-05-19,Det Modsatte
Malte Ebert,2025-05-19,Fortæl Mig Hvis Du Vil Noget Andet
Suspekt ft. URO,2025-05-19,Tænker Ik På Andre
Blæst,2025-05-19,Elsker Dig Så Meget
Malte Ebert,2025-05-19,Er Det Mig Du Elsker?
Mumle,2025-05-19,Fra Jylland til København
Dermot Kennedy,2025-05-19,Outnumbered
Benson Boone,2025-05-19,Sorry I'm Here For Someone Else
Lord Siva,2025-05-20,Stjernerne
Mumle,2025-05-20,Det Modsatte
Malte Ebert,2025-05-20,Fortæl Mig Hvis Du Vil Noget Andet
Suspekt ft. URO,2025-05-20,Tænker Ik På Andre
Blæst,2025-05-20,Elsker Dig Så Meget
Malte Ebert,2025-05-20,Er Det Mig Du Elsker?
Mumle,2025-05-20,Fra Jylland til København
Benson Boone,2025-05-20,Sorry I'm Here For Someone Else
Lord Siva,2025-05-21,Stjernerne
Mumle,2025-05-21,Det Modsatte
Malte Ebert,2025-05-21,Fortæl Mig Hvis Du Vil Noget Andet
Suspekt ft. URO,2025-05-21,Tænker Ik På Andre
Blæst,2025-05-21,Elsker Dig Så Meget
Malte Ebert,2025-05-21,Er Det Mig Du Elsker?
Mumle,2025-05-21,Fra Jylland til København
Benson Boone,2025-05-21,Sorry I'm Here For Someone Else
Post Malone ft. Morgan Wallen,2025-05-21,I Had Some Help
Omar ft. Mumle,2025-05-22,Hele Vejen
Lord Siva,2025-05-22,Stjernerne
Mumle,2025-05-22,Det Modsatte
Malte Ebert,2025-05-22,Fortæl Mig Hvis Du Vil Noget Andet
Suspekt ft. URO,2025-05-22,Tænker Ik På Andre
Blæst,2025-05-22,Elsker Dig Så Meget
Malte Ebert,2025-05-22,Er Det Mig Du Elsker?
Mumle,2025-05-22,Fra Jylland til København
Benson Boone,2025-05-22,Sorry I'm Here For Someone Else
